Day,Category,value
2020-02-24,Urgent care attendances for suspicion of COVID-19,2.0
2020-02-25,Urgent care attendances for suspicion of COVID-19,2.0
2020-02-26,Urgent care attendances for suspicion of COVID-19,0.0
2020-02-27,Urgent care attendances for suspicion of COVID-19,38.0
2020-02-28,Urgent care attendances for suspicion of COVID-19,62.0
2020-02-29,Urgent care attendances for suspicion of COVID-19,74.0
2020-03-01,Urgent care attendances for suspicion of COVID-19,78.0
2020-03-02,Urgent care attendances for suspicion of COVID-19,221.0
2020-03-03,Urgent care attendances for suspicion of COVID-19,302.0
2020-03-04,Urgent care attendances for suspicion of COVID-19,490.0
2020-03-05,Urgent care attendances for suspicion of COVID-19,630.0
2020-03-06,Urgent care attendances for suspicion of COVID-19,684.0
2020-03-07,Urgent care attendances for suspicion of COVID-19,638.0
2020-03-08,Urgent care attendances for suspicion of COVID-19,590.0
2020-03-09,Urgent care attendances for suspicion of COVID-19,1032.0
2020-03-10,Urgent care attendances for suspicion of COVID-19,1142.0
2020-03-11,Urgent care attendances for suspicion of COVID-19,1576.0
2020-03-12,Urgent care attendances for suspicion of COVID-19,2007.0
2020-03-13,Urgent care attendances for suspicion of COVID-19,2492.0
2020-03-14,Urgent care attendances for suspicion of COVID-19,2352.0
2020-03-15,Urgent care attendances for suspicion of COVID-19,2682.0
2020-03-16,Urgent care attendances for suspicion of COVID-19,3896.0
2020-03-17,Urgent care attendances for suspicion of COVID-19,4032.0
2020-03-18,Urgent care attendances for suspicion of COVID-19,4718.0
2020-03-19,Urgent care attendances for suspicion of COVID-19,4740.0
2020-03-20,Urgent care attendances for suspicion of COVID-19,5772.0
2020-03-21,Urgent care attendances for suspicion of COVID-19,5398.0
2020-03-22,Urgent care attendances for suspicion of COVID-19,5640.0
2020-03-23,Urgent care attendances for suspicion of COVID-19,9066.0
2020-03-24,Urgent care attendances for suspicion of COVID-19,8860.0
2020-03-25,Urgent care attendances for suspicion of COVID-19,8946.0
2020-03-26,Urgent care attendances for suspicion of COVID-19,9280.0
2020-03-27,Urgent care attendances for suspicion of COVID-19,11708.0
2020-03-28,Urgent care attendances for suspicion of COVID-19,10388.0
2020-03-29,Urgent care attendances for suspicion of COVID-19,8364.0
2020-03-30,Urgent care attendances for suspicion of COVID-19,11086.0
2020-03-31,Urgent care attendances for suspicion of COVID-19,9170.0
2020-04-01,Urgent care attendances for suspicion of COVID-19,8163.0
2020-04-02,Urgent care attendances for suspicion of COVID-19,8337.0
2020-04-03,Urgent care attendances for suspicion of COVID-19,8362.0
2020-04-04,Urgent care attendances for suspicion of COVID-19,5988.0
2020-04-05,Urgent care attendances for suspicion of COVID-19,4928.0
2020-04-06,Urgent care attendances for suspicion of COVID-19,7600.0
2020-04-07,Urgent care attendances for suspicion of COVID-19,6454.0
2020-04-08,Urgent care attendances for suspicion of COVID-19,6182.0
2020-04-09,Urgent care attendances for suspicion of COVID-19,5722.0
2020-04-10,Urgent care attendances for suspicion of COVID-19,6018.0
2020-04-11,Urgent care attendances for suspicion of COVID-19,4610.0
2020-04-12,Urgent care attendances for suspicion of COVID-19,3730.0
2020-04-13,Urgent care attendances for suspicion of COVID-19,3833.0
2020-04-14,Urgent care attendances for suspicion of COVID-19,5288.0
2020-04-15,Urgent care attendances for suspicion of COVID-19,4512.0
2020-04-16,Urgent care attendances for suspicion of COVID-19,4230.0
2020-04-17,Urgent care attendances for suspicion of COVID-19,4394.0
2020-04-18,Urgent care attendances for suspicion of COVID-19,3232.0
2020-04-19,Urgent care attendances for suspicion of COVID-19,2573.0
2020-04-20,Urgent care attendances for suspicion of COVID-19,4460.0
2020-04-21,Urgent care attendances for suspicion of COVID-19,3592.0
2020-04-22,Urgent care attendances for suspicion of COVID-19,3244.0
2020-04-23,Urgent care attendances for suspicion of COVID-19,3532.0
2020-04-24,Urgent care attendances for suspicion of COVID-19,3274.0
2020-04-25,Urgent care attendances for suspicion of COVID-19,2200.0
2020-04-26,Urgent care attendances for suspicion of COVID-19,1578.0
2020-04-27,Urgent care attendances for suspicion of COVID-19,2826.0
2020-04-28,Urgent care attendances for suspicion of COVID-19,3208.0
2020-04-29,Urgent care attendances for suspicion of COVID-19,3382.0
2020-04-30,Urgent care attendances for suspicion of COVID-19,3146.0
2020-05-01,Urgent care attendances for suspicion of COVID-19,1776.0
2020-05-02,Urgent care attendances for suspicion of COVID-19,2064.0
2020-05-03,Urgent care attendances for suspicion of COVID-19,1590.0
2020-05-04,Urgent care attendances for suspicion of COVID-19,2766.0
2020-05-05,Urgent care attendances for suspicion of COVID-19,2806.0
2020-05-06,Urgent care attendances for suspicion of COVID-19,2346.0
2020-05-07,Urgent care attendances for suspicion of COVID-19,2338.0
2020-05-08,Urgent care attendances for suspicion of COVID-19,1564.0
2020-05-09,Urgent care attendances for suspicion of COVID-19,1870.0
2020-05-10,Urgent care attendances for suspicion of COVID-19,1318.0
2020-05-11,Urgent care attendances for suspicion of COVID-19,1998.0
2020-05-12,Urgent care attendances for suspicion of COVID-19,1960.0
2020-05-13,Urgent care attendances for suspicion of COVID-19,1814.0
2020-05-14,Urgent care attendances for suspicion of COVID-19,1784.0
2020-05-15,Urgent care attendances for suspicion of COVID-19,1857.0
2020-05-16,Urgent care attendances for suspicion of COVID-19,1333.0
2020-05-17,Urgent care attendances for suspicion of COVID-19,1050.0
2020-05-18,Urgent care attendances for suspicion of COVID-19,1648.0
2020-05-19,Urgent care attendances for suspicion of COVID-19,1480.0
2020-05-20,Urgent care attendances for suspicion of COVID-19,1856.0
2020-05-21,Urgent care attendances for suspicion of COVID-19,1138.0
2020-05-22,Urgent care attendances for suspicion of COVID-19,1528.0
2020-05-23,Urgent care attendances for suspicion of COVID-19,1116.0
2020-05-24,Urgent care attendances for suspicion of COVID-19,922.0
2020-05-25,Urgent care attendances for suspicion of COVID-19,1406.0
2020-05-26,Urgent care attendances for suspicion of COVID-19,1064.0
2020-05-27,Urgent care attendances for suspicion of COVID-19,1080.0
2020-05-28,Urgent care attendances for suspicion of COVID-19,1054.0
2020-05-29,Urgent care attendances for suspicion of COVID-19,1028.0
2020-05-30,Urgent care attendances for suspicion of COVID-19,994.0
2020-05-31,Urgent care attendances for suspicion of COVID-19,810.0
2020-06-01,Urgent care attendances for suspicion of COVID-19,808.0
2020-06-02,Urgent care attendances for suspicion of COVID-19,828.0
2020-06-03,Urgent care attendances for suspicion of COVID-19,756.0
2020-06-04,Urgent care attendances for suspicion of COVID-19,784.0
2020-06-05,Urgent care attendances for suspicion of COVID-19,796.0
2020-06-06,Urgent care attendances for suspicion of COVID-19,676.0
2020-06-07,Urgent care attendances for suspicion of COVID-19,404.0
2020-06-08,Urgent care attendances for suspicion of COVID-19,682.0
2020-06-09,Urgent care attendances for suspicion of COVID-19,458.0
2020-06-10,Urgent care attendances for suspicion of COVID-19,464.0
2020-06-11,Urgent care attendances for suspicion of COVID-19,484.0
2020-06-12,Urgent care attendances for suspicion of COVID-19,496.0
2020-06-13,Urgent care attendances for suspicion of COVID-19,510.0
2020-06-14,Urgent care attendances for suspicion of COVID-19,390.0
2020-06-15,Urgent care attendances for suspicion of COVID-19,436.0
2020-06-16,Urgent care attendances for suspicion of COVID-19,338.0
2020-06-17,Urgent care attendances for suspicion of COVID-19,510.0
2020-06-18,Urgent care attendances for suspicion of COVID-19,504.0
2020-06-19,Urgent care attendances for suspicion of COVID-19,426.0
2020-06-20,Urgent care attendances for suspicion of COVID-19,366.0
2020-06-21,Urgent care attendances for suspicion of COVID-19,256.0
2020-06-22,Urgent care attendances for suspicion of COVID-19,402.0
2020-06-23,Urgent care attendances for suspicion of COVID-19,364.0
2020-06-24,Urgent care attendances for suspicion of COVID-19,432.0
2020-06-25,Urgent care attendances for suspicion of COVID-19,396.0
2020-06-26,Urgent care attendances for suspicion of COVID-19,478.0
2020-06-27,Urgent care attendances for suspicion of COVID-19,374.0
2020-06-28,Urgent care attendances for suspicion of COVID-19,382.0
2020-06-29,Urgent care attendances for suspicion of COVID-19,542.0
2020-06-30,Urgent care attendances for suspicion of COVID-19,474.0
2020-07-01,Urgent care attendances for suspicion of COVID-19,348.0
2020-07-02,Urgent care attendances for suspicion of COVID-19,318.0
2020-07-03,Urgent care attendances for suspicion of COVID-19,368.0
2020-07-04,Urgent care attendances for suspicion of COVID-19,346.0
2020-07-05,Urgent care attendances for suspicion of COVID-19,328.0
2020-07-06,Urgent care attendances for suspicion of COVID-19,394.0
2020-07-07,Urgent care attendances for suspicion of COVID-19,378.0
2020-07-08,Urgent care attendances for suspicion of COVID-19,450.0
2020-07-09,Urgent care attendances for suspicion of COVID-19,506.0
2020-07-10,Urgent care attendances for suspicion of COVID-19,454.0
2020-07-11,Urgent care attendances for suspicion of COVID-19,460.0
2020-07-12,Urgent care attendances for suspicion of COVID-19,406.0
2020-07-13,Urgent care attendances for suspicion of COVID-19,582.0
2020-07-14,Urgent care attendances for suspicion of COVID-19,512.0
2020-07-15,Urgent care attendances for suspicion of COVID-19,634.0
2020-07-16,Urgent care attendances for suspicion of COVID-19,590.0
2020-07-17,Urgent care attendances for suspicion of COVID-19,636.0
2020-07-18,Urgent care attendances for suspicion of COVID-19,578.0
2020-07-19,Urgent care attendances for suspicion of COVID-19,522.0
2020-07-20,Urgent care attendances for suspicion of COVID-19,578.0
2020-07-21,Urgent care attendances for suspicion of COVID-19,508.0
2020-07-22,Urgent care attendances for suspicion of COVID-19,612.0
2020-07-23,Urgent care attendances for suspicion of COVID-19,570.0
2020-07-24,Urgent care attendances for suspicion of COVID-19,558.0
2020-07-25,Urgent care attendances for suspicion of COVID-19,592.0
2020-07-26,Urgent care attendances for suspicion of COVID-19,496.0
2020-07-27,Urgent care attendances for suspicion of COVID-19,680.0
2020-07-28,Urgent care attendances for suspicion of COVID-19,542.0
2020-07-29,Urgent care attendances for suspicion of COVID-19,500.0
2020-07-30,Urgent care attendances for suspicion of COVID-19,496.0
2020-07-31,Urgent care attendances for suspicion of COVID-19,540.0
2020-08-01,Urgent care attendances for suspicion of COVID-19,560.0
2020-08-02,Urgent care attendances for suspicion of COVID-19,422.0
2020-08-03,Urgent care attendances for suspicion of COVID-19,584.0
2020-08-04,Urgent care attendances for suspicion of COVID-19,500.0
2020-08-05,Urgent care attendances for suspicion of COVID-19,594.0
2020-08-06,Urgent care attendances for suspicion of COVID-19,622.0
2020-08-07,Urgent care attendances for suspicion of COVID-19,626.0
2020-08-08,Urgent care attendances for suspicion of COVID-19,640.0
2020-08-09,Urgent care attendances for suspicion of COVID-19,534.0
2020-08-10,Urgent care attendances for suspicion of COVID-19,628.0
2020-08-11,Urgent care attendances for suspicion of COVID-19,528.0
2020-08-12,Urgent care attendances for suspicion of COVID-19,572.0
2020-08-13,Urgent care attendances for suspicion of COVID-19,624.0
2020-08-14,Urgent care attendances for suspicion of COVID-19,748.0
2020-08-15,Urgent care attendances for suspicion of COVID-19,740.0
2020-08-16,Urgent care attendances for suspicion of COVID-19,612.0
2020-08-17,Urgent care attendances for suspicion of COVID-19,724.0
2020-08-18,Urgent care attendances for suspicion of COVID-19,676.0
2020-08-19,Urgent care attendances for suspicion of COVID-19,700.0
2020-08-20,Urgent care attendances for suspicion of COVID-19,772.0
2020-08-21,Urgent care attendances for suspicion of COVID-19,820.0
2020-08-22,Urgent care attendances for suspicion of COVID-19,804.0
2020-08-23,Urgent care attendances for suspicion of COVID-19,658.0
2020-08-24,Urgent care attendances for suspicion of COVID-19,712.0
2020-08-25,Urgent care attendances for suspicion of COVID-19,684.0
2020-08-26,Urgent care attendances for suspicion of COVID-19,794.0
2020-08-27,Urgent care attendances for suspicion of COVID-19,872.0
2020-08-28,Urgent care attendances for suspicion of COVID-19,878.0
2020-08-29,Urgent care attendances for suspicion of COVID-19,960.0
2020-08-30,Urgent care attendances for suspicion of COVID-19,818.0
2020-08-31,Urgent care attendances for suspicion of COVID-19,1046.0
2020-09-01,Urgent care attendances for suspicion of COVID-19,864.0
2020-09-02,Urgent care attendances for suspicion of COVID-19,864.0
2020-09-03,Urgent care attendances for suspicion of COVID-19,1002.0
2020-09-04,Urgent care attendances for suspicion of COVID-19,906.0
2020-02-24,Total urgent care attendances,97179.0
2020-02-25,Total urgent care attendances,85390.0
2020-02-26,Total urgent care attendances,84226.0
2020-02-27,Total urgent care attendances,83525.0
2020-02-28,Total urgent care attendances,83745.0
2020-02-29,Total urgent care attendances,81701.0
2020-03-01,Total urgent care attendances,78567.0
2020-03-02,Total urgent care attendances,90037.0
2020-03-03,Total urgent care attendances,81752.0
2020-03-04,Total urgent care attendances,80522.0
2020-03-05,Total urgent care attendances,82086.0
2020-03-06,Total urgent care attendances,82085.0
2020-03-07,Total urgent care attendances,80588.0
2020-03-08,Total urgent care attendances,79138.0
2020-03-09,Total urgent care attendances,90366.0
2020-03-10,Total urgent care attendances,81957.0
2020-03-11,Total urgent care attendances,81227.0
2020-03-12,Total urgent care attendances,82678.0
2020-03-13,Total urgent care attendances,74799.0
2020-03-14,Total urgent care attendances,71468.0
2020-03-15,Total urgent care attendances,63414.0
2020-03-16,Total urgent care attendances,60090.0
2020-03-17,Total urgent care attendances,50688.0
2020-03-18,Total urgent care attendances,51040.0
2020-03-19,Total urgent care attendances,48080.0
2020-03-20,Total urgent care attendances,48522.0
2020-03-21,Total urgent care attendances,46124.0
2020-03-22,Total urgent care attendances,41770.0
2020-03-23,Total urgent care attendances,51225.0
2020-03-24,Total urgent care attendances,47203.0
2020-03-25,Total urgent care attendances,46713.0
2020-03-26,Total urgent care attendances,45779.0
2020-03-27,Total urgent care attendances,51768.0
2020-03-28,Total urgent care attendances,50544.0
2020-03-29,Total urgent care attendances,40536.0
2020-03-30,Total urgent care attendances,49156.0
2020-03-31,Total urgent care attendances,45838.0
2020-04-01,Total urgent care attendances,44254.0
2020-04-02,Total urgent care attendances,45147.0
2020-04-03,Total urgent care attendances,47238.0
2020-04-04,Total urgent care attendances,45870.0
2020-04-05,Total urgent care attendances,40901.0
2020-04-06,Total urgent care attendances,48669.0
2020-04-07,Total urgent care attendances,47132.0
2020-04-08,Total urgent care attendances,46392.0
2020-04-09,Total urgent care attendances,47390.0
2020-04-10,Total urgent care attendances,49712.0
2020-04-11,Total urgent care attendances,47567.0
2020-04-12,Total urgent care attendances,44016.0
2020-04-13,Total urgent care attendances,43933.0
2020-04-14,Total urgent care attendances,51009.0
2020-04-15,Total urgent care attendances,49303.0
2020-04-16,Total urgent care attendances,48662.0
2020-04-17,Total urgent care attendances,51657.0
2020-04-18,Total urgent care attendances,50329.0
2020-04-19,Total urgent care attendances,42498.0
2020-04-20,Total urgent care attendances,53522.0
2020-04-21,Total urgent care attendances,49582.0
2020-04-22,Total urgent care attendances,50028.0
2020-04-23,Total urgent care attendances,51848.0
2020-04-24,Total urgent care attendances,53666.0
2020-04-25,Total urgent care attendances,52493.0
2020-04-26,Total urgent care attendances,45296.0
2020-04-27,Total urgent care attendances,54347.0
2020-04-28,Total urgent care attendances,50320.0
2020-04-29,Total urgent care attendances,50356.0
2020-04-30,Total urgent care attendances,54416.0
2020-05-01,Total urgent care attendances,47851.0
2020-05-02,Total urgent care attendances,56659.0
2020-05-03,Total urgent care attendances,48350.0
2020-05-04,Total urgent care attendances,59491.0
2020-05-05,Total urgent care attendances,54818.0
2020-05-06,Total urgent care attendances,56157.0
2020-05-07,Total urgent care attendances,60782.0
2020-05-08,Total urgent care attendances,57284.0
2020-05-09,Total urgent care attendances,62303.0
2020-05-10,Total urgent care attendances,51824.0
2020-05-11,Total urgent care attendances,57536.0
2020-05-12,Total urgent care attendances,57210.0
2020-05-13,Total urgent care attendances,57277.0
2020-05-14,Total urgent care attendances,57410.0
2020-05-15,Total urgent care attendances,61631.0
2020-05-16,Total urgent care attendances,62953.0
2020-05-17,Total urgent care attendances,59741.0
2020-05-18,Total urgent care attendances,67318.0
2020-05-19,Total urgent care attendances,62942.0
2020-05-20,Total urgent care attendances,66762.0
2020-05-21,Total urgent care attendances,63491.0
2020-05-22,Total urgent care attendances,74518.0
2020-05-23,Total urgent care attendances,66612.0
2020-05-24,Total urgent care attendances,64807.0
2020-05-25,Total urgent care attendances,74017.0
2020-05-26,Total urgent care attendances,66953.0
2020-05-27,Total urgent care attendances,67624.0
2020-05-28,Total urgent care attendances,69340.0
2020-05-29,Total urgent care attendances,72839.0
2020-05-30,Total urgent care attendances,74995.0
2020-05-31,Total urgent care attendances,74888.0
2020-06-01,Total urgent care attendances,76538.0
2020-06-02,Total urgent care attendances,77552.0
2020-06-03,Total urgent care attendances,73097.0
2020-06-04,Total urgent care attendances,69968.0
2020-06-05,Total urgent care attendances,70232.0
2020-06-06,Total urgent care attendances,71340.0
2020-06-07,Total urgent care attendances,67367.0
2020-06-08,Total urgent care attendances,75537.0
2020-06-09,Total urgent care attendances,67614.0
2020-06-10,Total urgent care attendances,68157.0
2020-06-11,Total urgent care attendances,69028.0
2020-06-12,Total urgent care attendances,69974.0
2020-06-13,Total urgent care attendances,71076.0
2020-06-14,Total urgent care attendances,70499.0
2020-06-15,Total urgent care attendances,79541.0
2020-06-16,Total urgent care attendances,72456.0
2020-06-17,Total urgent care attendances,70419.0
2020-06-18,Total urgent care attendances,72093.0
2020-06-19,Total urgent care attendances,74633.0
2020-06-20,Total urgent care attendances,75700.0
2020-06-21,Total urgent care attendances,73186.0
2020-06-22,Total urgent care attendances,82562.0
2020-06-23,Total urgent care attendances,75962.0
2020-06-24,Total urgent care attendances,77197.0
2020-06-25,Total urgent care attendances,78219.0
2020-06-26,Total urgent care attendances,81994.0
2020-06-27,Total urgent care attendances,80120.0
2020-06-28,Total urgent care attendances,79557.0
2020-06-29,Total urgent care attendances,87351.0
2020-06-30,Total urgent care attendances,79117.0
2020-07-01,Total urgent care attendances,78465.0
2020-07-02,Total urgent care attendances,78707.0
2020-07-03,Total urgent care attendances,80450.0
2020-07-04,Total urgent care attendances,80320.0
2020-07-05,Total urgent care attendances,77922.0
2020-07-06,Total urgent care attendances,85008.0
2020-07-07,Total urgent care attendances,78322.0
2020-07-08,Total urgent care attendances,79358.0
2020-07-09,Total urgent care attendances,80534.0
2020-07-10,Total urgent care attendances,81816.0
2020-07-11,Total urgent care attendances,81749.0
2020-07-12,Total urgent care attendances,80071.0
2020-07-13,Total urgent care attendances,92493.0
2020-07-14,Total urgent care attendances,77907.0
2020-07-15,Total urgent care attendances,88463.0
2020-07-16,Total urgent care attendances,81464.0
2020-07-17,Total urgent care attendances,82816.0
2020-07-18,Total urgent care attendances,80902.0
2020-07-19,Total urgent care attendances,78775.0
2020-07-20,Total urgent care attendances,88730.0
2020-07-21,Total urgent care attendances,81616.0
2020-07-22,Total urgent care attendances,80967.0
2020-07-23,Total urgent care attendances,82076.0
2020-07-24,Total urgent care attendances,83235.0
2020-07-25,Total urgent care attendances,82074.0
2020-07-26,Total urgent care attendances,79950.0
2020-07-27,Total urgent care attendances,89696.0
2020-07-28,Total urgent care attendances,81242.0
2020-07-29,Total urgent care attendances,81388.0
2020-07-30,Total urgent care attendances,81426.0
2020-07-31,Total urgent care attendances,82427.0
2020-08-01,Total urgent care attendances,84354.0
2020-08-02,Total urgent care attendances,81607.0
2020-08-03,Total urgent care attendances,90622.0
2020-08-04,Total urgent care attendances,81960.0
2020-08-05,Total urgent care attendances,82092.0
2020-08-06,Total urgent care attendances,82382.0
2020-08-07,Total urgent care attendances,82149.0
2020-08-08,Total urgent care attendances,81882.0
2020-08-09,Total urgent care attendances,79437.0
2020-08-10,Total urgent care attendances,92582.0
2020-08-11,Total urgent care attendances,85311.0
2020-08-12,Total urgent care attendances,85941.0
2020-08-13,Total urgent care attendances,87792.0
2020-08-14,Total urgent care attendances,90572.0
2020-08-15,Total urgent care attendances,85428.0
2020-08-16,Total urgent care attendances,82031.0
2020-08-17,Total urgent care attendances,90639.0
2020-08-18,Total urgent care attendances,81828.0
2020-08-19,Total urgent care attendances,82046.0
2020-08-20,Total urgent care attendances,83473.0
2020-08-21,Total urgent care attendances,84774.0
2020-08-22,Total urgent care attendances,81931.0
2020-08-23,Total urgent care attendances,76277.0
2020-08-24,Total urgent care attendances,88054.0
2020-08-25,Total urgent care attendances,79584.0
2020-08-26,Total urgent care attendances,79907.0
2020-08-27,Total urgent care attendances,79551.0
2020-08-28,Total urgent care attendances,77993.0
2020-08-29,Total urgent care attendances,75798.0
2020-08-30,Total urgent care attendances,72566.0
2020-08-31,Total urgent care attendances,79432.0
2020-09-01,Total urgent care attendances,71810.0
2020-09-02,Total urgent care attendances,75761.0
2020-09-03,Total urgent care attendances,76218.0
2020-09-04,Total urgent care attendances,70046.0
2020-02-24,Hospitalizations for suspicion of COVID-19,0.0
2020-02-25,Hospitalizations for suspicion of COVID-19,0.0
2020-02-26,Hospitalizations for suspicion of COVID-19,0.0
2020-02-27,Hospitalizations for suspicion of COVID-19,2.0
2020-02-28,Hospitalizations for suspicion of COVID-19,12.0
2020-02-29,Hospitalizations for suspicion of COVID-19,10.0
2020-03-01,Hospitalizations for suspicion of COVID-19,42.0
2020-03-02,Hospitalizations for suspicion of COVID-19,101.0
2020-03-03,Hospitalizations for suspicion of COVID-19,106.0
2020-03-04,Hospitalizations for suspicion of COVID-19,112.0
2020-03-05,Hospitalizations for suspicion of COVID-19,142.0
2020-03-06,Hospitalizations for suspicion of COVID-19,246.0
2020-03-07,Hospitalizations for suspicion of COVID-19,236.0
2020-03-08,Hospitalizations for suspicion of COVID-19,258.0
2020-03-09,Hospitalizations for suspicion of COVID-19,338.0
2020-03-10,Hospitalizations for suspicion of COVID-19,410.0
2020-03-11,Hospitalizations for suspicion of COVID-19,460.0
2020-03-12,Hospitalizations for suspicion of COVID-19,600.0
2020-03-13,Hospitalizations for suspicion of COVID-19,836.0
2020-03-14,Hospitalizations for suspicion of COVID-19,754.0
2020-03-15,Hospitalizations for suspicion of COVID-19,834.0
2020-03-16,Hospitalizations for suspicion of COVID-19,1154.0
2020-03-17,Hospitalizations for suspicion of COVID-19,1370.0
2020-03-18,Hospitalizations for suspicion of COVID-19,1430.0
2020-03-19,Hospitalizations for suspicion of COVID-19,1760.0
2020-03-20,Hospitalizations for suspicion of COVID-19,2170.0
2020-03-21,Hospitalizations for suspicion of COVID-19,2080.0
2020-03-22,Hospitalizations for suspicion of COVID-19,2212.0
2020-03-23,Hospitalizations for suspicion of COVID-19,3716.0
2020-03-24,Hospitalizations for suspicion of COVID-19,3592.0
2020-03-25,Hospitalizations for suspicion of COVID-19,3700.0
2020-03-26,Hospitalizations for suspicion of COVID-19,4028.0
2020-03-27,Hospitalizations for suspicion of COVID-19,4930.0
2020-03-28,Hospitalizations for suspicion of COVID-19,3994.0
2020-03-29,Hospitalizations for suspicion of COVID-19,3286.0
2020-03-30,Hospitalizations for suspicion of COVID-19,4612.0
2020-03-31,Hospitalizations for suspicion of COVID-19,3876.0
2020-04-01,Hospitalizations for suspicion of COVID-19,3438.0
2020-04-02,Hospitalizations for suspicion of COVID-19,3430.0
2020-04-03,Hospitalizations for suspicion of COVID-19,3570.0
2020-04-04,Hospitalizations for suspicion of COVID-19,2572.0
2020-04-05,Hospitalizations for suspicion of COVID-19,2300.0
2020-04-06,Hospitalizations for suspicion of COVID-19,3250.0
2020-04-07,Hospitalizations for suspicion of COVID-19,2750.0
2020-04-08,Hospitalizations for suspicion of COVID-19,2466.0
2020-04-09,Hospitalizations for suspicion of COVID-19,2462.0
2020-04-10,Hospitalizations for suspicion of COVID-19,2590.0
2020-04-11,Hospitalizations for suspicion of COVID-19,1988.0
2020-04-12,Hospitalizations for suspicion of COVID-19,1684.0
2020-04-13,Hospitalizations for suspicion of COVID-19,1668.0
2020-04-14,Hospitalizations for suspicion of COVID-19,2016.0
2020-04-15,Hospitalizations for suspicion of COVID-19,1654.0
2020-04-16,Hospitalizations for suspicion of COVID-19,1746.0
2020-04-17,Hospitalizations for suspicion of COVID-19,1882.0
2020-04-18,Hospitalizations for suspicion of COVID-19,1378.0
2020-04-19,Hospitalizations for suspicion of COVID-19,1182.0
2020-04-20,Hospitalizations for suspicion of COVID-19,1920.0
2020-04-21,Hospitalizations for suspicion of COVID-19,1412.0
2020-04-22,Hospitalizations for suspicion of COVID-19,1318.0
2020-04-23,Hospitalizations for suspicion of COVID-19,1292.0
2020-04-24,Hospitalizations for suspicion of COVID-19,1280.0
2020-04-25,Hospitalizations for suspicion of COVID-19,926.0
2020-04-26,Hospitalizations for suspicion of COVID-19,836.0
2020-04-27,Hospitalizations for suspicion of COVID-19,1162.0
2020-04-28,Hospitalizations for suspicion of COVID-19,1084.0
2020-04-29,Hospitalizations for suspicion of COVID-19,1156.0
2020-04-30,Hospitalizations for suspicion of COVID-19,1204.0
2020-05-01,Hospitalizations for suspicion of COVID-19,748.0
2020-05-02,Hospitalizations for suspicion of COVID-19,886.0
2020-05-03,Hospitalizations for suspicion of COVID-19,694.0
2020-05-04,Hospitalizations for suspicion of COVID-19,1066.0
2020-05-05,Hospitalizations for suspicion of COVID-19,886.0
2020-05-06,Hospitalizations for suspicion of COVID-19,858.0
2020-05-07,Hospitalizations for suspicion of COVID-19,886.0
2020-05-08,Hospitalizations for suspicion of COVID-19,566.0
2020-05-09,Hospitalizations for suspicion of COVID-19,750.0
2020-05-10,Hospitalizations for suspicion of COVID-19,594.0
2020-05-11,Hospitalizations for suspicion of COVID-19,810.0
2020-05-12,Hospitalizations for suspicion of COVID-19,722.0
2020-05-13,Hospitalizations for suspicion of COVID-19,646.0
2020-05-14,Hospitalizations for suspicion of COVID-19,676.0
2020-05-15,Hospitalizations for suspicion of COVID-19,680.0
2020-05-16,Hospitalizations for suspicion of COVID-19,541.0
2020-05-17,Hospitalizations for suspicion of COVID-19,470.0
2020-05-18,Hospitalizations for suspicion of COVID-19,698.0
2020-05-19,Hospitalizations for suspicion of COVID-19,590.0
2020-05-20,Hospitalizations for suspicion of COVID-19,648.0
2020-05-21,Hospitalizations for suspicion of COVID-19,468.0
2020-05-22,Hospitalizations for suspicion of COVID-19,584.0
2020-05-23,Hospitalizations for suspicion of COVID-19,438.0
2020-05-24,Hospitalizations for suspicion of COVID-19,372.0
2020-05-25,Hospitalizations for suspicion of COVID-19,494.0
2020-05-26,Hospitalizations for suspicion of COVID-19,394.0
2020-05-27,Hospitalizations for suspicion of COVID-19,364.0
2020-05-28,Hospitalizations for suspicion of COVID-19,356.0
2020-05-29,Hospitalizations for suspicion of COVID-19,350.0
2020-05-30,Hospitalizations for suspicion of COVID-19,338.0
2020-05-31,Hospitalizations for suspicion of COVID-19,326.0
2020-06-01,Hospitalizations for suspicion of COVID-19,276.0
2020-06-02,Hospitalizations for suspicion of COVID-19,344.0
2020-06-03,Hospitalizations for suspicion of COVID-19,344.0
2020-06-04,Hospitalizations for suspicion of COVID-19,342.0
2020-06-05,Hospitalizations for suspicion of COVID-19,320.0
2020-06-06,Hospitalizations for suspicion of COVID-19,230.0
2020-06-07,Hospitalizations for suspicion of COVID-19,154.0
2020-06-08,Hospitalizations for suspicion of COVID-19,236.0
2020-06-09,Hospitalizations for suspicion of COVID-19,216.0
2020-06-10,Hospitalizations for suspicion of COVID-19,190.0
2020-06-11,Hospitalizations for suspicion of COVID-19,204.0
2020-06-12,Hospitalizations for suspicion of COVID-19,182.0
2020-06-13,Hospitalizations for suspicion of COVID-19,208.0
2020-06-14,Hospitalizations for suspicion of COVID-19,178.0
2020-06-15,Hospitalizations for suspicion of COVID-19,170.0
2020-06-16,Hospitalizations for suspicion of COVID-19,144.0
2020-06-17,Hospitalizations for suspicion of COVID-19,158.0
2020-06-18,Hospitalizations for suspicion of COVID-19,166.0
2020-06-19,Hospitalizations for suspicion of COVID-19,172.0
2020-06-20,Hospitalizations for suspicion of COVID-19,194.0
2020-06-21,Hospitalizations for suspicion of COVID-19,124.0
2020-06-22,Hospitalizations for suspicion of COVID-19,152.0
2020-06-23,Hospitalizations for suspicion of COVID-19,136.0
2020-06-24,Hospitalizations for suspicion of COVID-19,200.0
2020-06-25,Hospitalizations for suspicion of COVID-19,148.0
2020-06-26,Hospitalizations for suspicion of COVID-19,162.0
2020-06-27,Hospitalizations for suspicion of COVID-19,122.0
2020-06-28,Hospitalizations for suspicion of COVID-19,138.0
2020-06-29,Hospitalizations for suspicion of COVID-19,150.0
2020-06-30,Hospitalizations for suspicion of COVID-19,158.0
2020-07-01,Hospitalizations for suspicion of COVID-19,120.0
2020-07-02,Hospitalizations for suspicion of COVID-19,140.0
2020-07-03,Hospitalizations for suspicion of COVID-19,154.0
2020-07-04,Hospitalizations for suspicion of COVID-19,120.0
2020-07-05,Hospitalizations for suspicion of COVID-19,108.0
2020-07-06,Hospitalizations for suspicion of COVID-19,140.0
2020-07-07,Hospitalizations for suspicion of COVID-19,128.0
2020-07-08,Hospitalizations for suspicion of COVID-19,114.0
2020-07-09,Hospitalizations for suspicion of COVID-19,190.0
2020-07-10,Hospitalizations for suspicion of COVID-19,160.0
2020-07-11,Hospitalizations for suspicion of COVID-19,118.0
2020-07-12,Hospitalizations for suspicion of COVID-19,128.0
2020-07-13,Hospitalizations for suspicion of COVID-19,154.0
2020-07-14,Hospitalizations for suspicion of COVID-19,112.0
2020-07-15,Hospitalizations for suspicion of COVID-19,164.0
2020-07-16,Hospitalizations for suspicion of COVID-19,152.0
2020-07-17,Hospitalizations for suspicion of COVID-19,194.0
2020-07-18,Hospitalizations for suspicion of COVID-19,134.0
2020-07-19,Hospitalizations for suspicion of COVID-19,130.0
2020-07-20,Hospitalizations for suspicion of COVID-19,188.0
2020-07-21,Hospitalizations for suspicion of COVID-19,156.0
2020-07-22,Hospitalizations for suspicion of COVID-19,194.0
2020-07-23,Hospitalizations for suspicion of COVID-19,172.0
2020-07-24,Hospitalizations for suspicion of COVID-19,190.0
2020-07-25,Hospitalizations for suspicion of COVID-19,184.0
2020-07-26,Hospitalizations for suspicion of COVID-19,148.0
2020-07-27,Hospitalizations for suspicion of COVID-19,212.0
2020-07-28,Hospitalizations for suspicion of COVID-19,168.0
2020-07-29,Hospitalizations for suspicion of COVID-19,162.0
2020-07-30,Hospitalizations for suspicion of COVID-19,178.0
2020-07-31,Hospitalizations for suspicion of COVID-19,176.0
2020-08-01,Hospitalizations for suspicion of COVID-19,182.0
2020-08-02,Hospitalizations for suspicion of COVID-19,166.0
2020-08-03,Hospitalizations for suspicion of COVID-19,168.0
2020-08-04,Hospitalizations for suspicion of COVID-19,160.0
2020-08-05,Hospitalizations for suspicion of COVID-19,194.0
2020-08-06,Hospitalizations for suspicion of COVID-19,194.0
2020-08-07,Hospitalizations for suspicion of COVID-19,226.0
2020-08-08,Hospitalizations for suspicion of COVID-19,208.0
2020-08-09,Hospitalizations for suspicion of COVID-19,176.0
2020-08-10,Hospitalizations for suspicion of COVID-19,198.0
2020-08-11,Hospitalizations for suspicion of COVID-19,202.0
2020-08-12,Hospitalizations for suspicion of COVID-19,208.0
2020-08-13,Hospitalizations for suspicion of COVID-19,230.0
2020-08-14,Hospitalizations for suspicion of COVID-19,224.0
2020-08-15,Hospitalizations for suspicion of COVID-19,250.0
2020-08-16,Hospitalizations for suspicion of COVID-19,178.0
2020-08-17,Hospitalizations for suspicion of COVID-19,252.0
2020-08-18,Hospitalizations for suspicion of COVID-19,226.0
2020-08-19,Hospitalizations for suspicion of COVID-19,208.0
2020-08-20,Hospitalizations for suspicion of COVID-19,200.0
2020-08-21,Hospitalizations for suspicion of COVID-19,250.0
2020-08-22,Hospitalizations for suspicion of COVID-19,224.0
2020-08-23,Hospitalizations for suspicion of COVID-19,208.0
2020-08-24,Hospitalizations for suspicion of COVID-19,264.0
2020-08-25,Hospitalizations for suspicion of COVID-19,200.0
2020-08-26,Hospitalizations for suspicion of COVID-19,266.0
2020-08-27,Hospitalizations for suspicion of COVID-19,290.0
2020-08-28,Hospitalizations for suspicion of COVID-19,278.0
2020-08-29,Hospitalizations for suspicion of COVID-19,262.0
2020-08-30,Hospitalizations for suspicion of COVID-19,262.0
2020-08-31,Hospitalizations for suspicion of COVID-19,342.0
2020-09-01,Hospitalizations for suspicion of COVID-19,278.0
2020-09-02,Hospitalizations for suspicion of COVID-19,276.0
2020-09-03,Hospitalizations for suspicion of COVID-19,316.0
2020-09-04,Hospitalizations for suspicion of COVID-19,236.0
2020-02-24,Medical acts (SOS Médecin) for suspicion of COVID-19,0.0
2020-02-25,Medical acts (SOS Médecin) for suspicion of COVID-19,0.0
2020-02-26,Medical acts (SOS Médecin) for suspicion of COVID-19,0.0
2020-02-27,Medical acts (SOS Médecin) for suspicion of COVID-19,0.0
2020-02-28,Medical acts (SOS Médecin) for suspicion of COVID-19,0.0
2020-02-29,Medical acts (SOS Médecin) for suspicion of COVID-19,0.0
2020-03-01,Medical acts (SOS Médecin) for suspicion of COVID-19,0.0
2020-03-02,Medical acts (SOS Médecin) for suspicion of COVID-19,0.0
2020-03-03,Medical acts (SOS Médecin) for suspicion of COVID-19,12.0
2020-03-04,Medical acts (SOS Médecin) for suspicion of COVID-19,14.0
2020-03-05,Medical acts (SOS Médecin) for suspicion of COVID-19,26.0
2020-03-06,Medical acts (SOS Médecin) for suspicion of COVID-19,46.0
2020-03-07,Medical acts (SOS Médecin) for suspicion of COVID-19,142.0
2020-03-08,Medical acts (SOS Médecin) for suspicion of COVID-19,250.0
2020-03-09,Medical acts (SOS Médecin) for suspicion of COVID-19,133.0
2020-03-10,Medical acts (SOS Médecin) for suspicion of COVID-19,196.0
2020-03-11,Medical acts (SOS Médecin) for suspicion of COVID-19,356.0
2020-03-12,Medical acts (SOS Médecin) for suspicion of COVID-19,438.0
2020-03-13,Medical acts (SOS Médecin) for suspicion of COVID-19,564.0
2020-03-14,Medical acts (SOS Médecin) for suspicion of COVID-19,967.0
2020-03-15,Medical acts (SOS Médecin) for suspicion of COVID-19,1940.0
2020-03-16,Medical acts (SOS Médecin) for suspicion of COVID-19,2258.0
2020-03-17,Medical acts (SOS Médecin) for suspicion of COVID-19,1918.0
2020-03-18,Medical acts (SOS Médecin) for suspicion of COVID-19,2105.0
2020-03-19,Medical acts (SOS Médecin) for suspicion of COVID-19,2273.0
2020-03-20,Medical acts (SOS Médecin) for suspicion of COVID-19,2338.0
2020-03-21,Medical acts (SOS Médecin) for suspicion of COVID-19,3573.0
2020-03-22,Medical acts (SOS Médecin) for suspicion of COVID-19,3784.0
2020-03-23,Medical acts (SOS Médecin) for suspicion of COVID-19,3227.0
2020-03-24,Medical acts (SOS Médecin) for suspicion of COVID-19,2859.0
2020-03-25,Medical acts (SOS Médecin) for suspicion of COVID-19,3013.0
2020-03-26,Medical acts (SOS Médecin) for suspicion of COVID-19,2787.0
2020-03-27,Medical acts (SOS Médecin) for suspicion of COVID-19,3555.0
2020-03-28,Medical acts (SOS Médecin) for suspicion of COVID-19,4960.0
2020-03-29,Medical acts (SOS Médecin) for suspicion of COVID-19,3934.0
2020-03-30,Medical acts (SOS Médecin) for suspicion of COVID-19,3438.0
2020-03-31,Medical acts (SOS Médecin) for suspicion of COVID-19,2655.0
2020-04-01,Medical acts (SOS Médecin) for suspicion of COVID-19,2442.0
2020-04-02,Medical acts (SOS Médecin) for suspicion of COVID-19,2152.0
2020-04-03,Medical acts (SOS Médecin) for suspicion of COVID-19,2228.0
2020-04-04,Medical acts (SOS Médecin) for suspicion of COVID-19,2589.0
2020-04-05,Medical acts (SOS Médecin) for suspicion of COVID-19,2119.0
2020-04-06,Medical acts (SOS Médecin) for suspicion of COVID-19,1851.0
2020-04-07,Medical acts (SOS Médecin) for suspicion of COVID-19,1567.0
2020-04-08,Medical acts (SOS Médecin) for suspicion of COVID-19,1569.0
2020-04-09,Medical acts (SOS Médecin) for suspicion of COVID-19,1396.0
2020-04-10,Medical acts (SOS Médecin) for suspicion of COVID-19,1270.0
2020-04-11,Medical acts (SOS Médecin) for suspicion of COVID-19,1459.0
2020-04-12,Medical acts (SOS Médecin) for suspicion of COVID-19,1442.0
2020-04-13,Medical acts (SOS Médecin) for suspicion of COVID-19,1599.0
2020-04-14,Medical acts (SOS Médecin) for suspicion of COVID-19,1093.0
2020-04-15,Medical acts (SOS Médecin) for suspicion of COVID-19,955.0
2020-04-16,Medical acts (SOS Médecin) for suspicion of COVID-19,990.0
2020-04-17,Medical acts (SOS Médecin) for suspicion of COVID-19,879.0
2020-04-18,Medical acts (SOS Médecin) for suspicion of COVID-19,975.0
2020-04-19,Medical acts (SOS Médecin) for suspicion of COVID-19,948.0
2020-04-20,Medical acts (SOS Médecin) for suspicion of COVID-19,895.0
2020-04-21,Medical acts (SOS Médecin) for suspicion of COVID-19,725.0
2020-04-22,Medical acts (SOS Médecin) for suspicion of COVID-19,790.0
2020-04-23,Medical acts (SOS Médecin) for suspicion of COVID-19,644.0
2020-04-24,Medical acts (SOS Médecin) for suspicion of COVID-19,674.0
2020-04-25,Medical acts (SOS Médecin) for suspicion of COVID-19,790.0
2020-04-26,Medical acts (SOS Médecin) for suspicion of COVID-19,686.0
2020-04-27,Medical acts (SOS Médecin) for suspicion of COVID-19,582.0
2020-04-28,Medical acts (SOS Médecin) for suspicion of COVID-19,502.0
2020-04-29,Medical acts (SOS Médecin) for suspicion of COVID-19,588.0
2020-04-30,Medical acts (SOS Médecin) for suspicion of COVID-19,599.0
2020-05-01,Medical acts (SOS Médecin) for suspicion of COVID-19,733.0
2020-05-02,Medical acts (SOS Médecin) for suspicion of COVID-19,861.0
2020-05-03,Medical acts (SOS Médecin) for suspicion of COVID-19,642.0
2020-05-04,Medical acts (SOS Médecin) for suspicion of COVID-19,618.0
2020-05-05,Medical acts (SOS Médecin) for suspicion of COVID-19,467.0
2020-05-06,Medical acts (SOS Médecin) for suspicion of COVID-19,504.0
2020-05-07,Medical acts (SOS Médecin) for suspicion of COVID-19,412.0
2020-05-08,Medical acts (SOS Médecin) for suspicion of COVID-19,630.0
2020-05-09,Medical acts (SOS Médecin) for suspicion of COVID-19,752.0
2020-05-10,Medical acts (SOS Médecin) for suspicion of COVID-19,696.0
2020-05-11,Medical acts (SOS Médecin) for suspicion of COVID-19,622.0
2020-05-12,Medical acts (SOS Médecin) for suspicion of COVID-19,514.0
2020-05-13,Medical acts (SOS Médecin) for suspicion of COVID-19,642.0
2020-05-14,Medical acts (SOS Médecin) for suspicion of COVID-19,596.0
2020-05-15,Medical acts (SOS Médecin) for suspicion of COVID-19,552.0
2020-05-16,Medical acts (SOS Médecin) for suspicion of COVID-19,792.0
2020-05-17,Medical acts (SOS Médecin) for suspicion of COVID-19,694.0
2020-05-18,Medical acts (SOS Médecin) for suspicion of COVID-19,588.0
2020-05-19,Medical acts (SOS Médecin) for suspicion of COVID-19,588.0
2020-05-20,Medical acts (SOS Médecin) for suspicion of COVID-19,706.0
2020-05-21,Medical acts (SOS Médecin) for suspicion of COVID-19,731.0
2020-05-22,Medical acts (SOS Médecin) for suspicion of COVID-19,573.0
2020-05-23,Medical acts (SOS Médecin) for suspicion of COVID-19,615.0
2020-05-24,Medical acts (SOS Médecin) for suspicion of COVID-19,631.0
2020-05-25,Medical acts (SOS Médecin) for suspicion of COVID-19,512.0
2020-05-26,Medical acts (SOS Médecin) for suspicion of COVID-19,452.0
2020-05-27,Medical acts (SOS Médecin) for suspicion of COVID-19,384.0
2020-05-28,Medical acts (SOS Médecin) for suspicion of COVID-19,416.0
2020-05-29,Medical acts (SOS Médecin) for suspicion of COVID-19,417.0
2020-05-30,Medical acts (SOS Médecin) for suspicion of COVID-19,506.0
2020-05-31,Medical acts (SOS Médecin) for suspicion of COVID-19,571.0
2020-06-01,Medical acts (SOS Médecin) for suspicion of COVID-19,571.0
2020-06-02,Medical acts (SOS Médecin) for suspicion of COVID-19,441.0
2020-06-03,Medical acts (SOS Médecin) for suspicion of COVID-19,408.0
2020-06-04,Medical acts (SOS Médecin) for suspicion of COVID-19,366.0
2020-06-05,Medical acts (SOS Médecin) for suspicion of COVID-19,340.0
2020-06-06,Medical acts (SOS Médecin) for suspicion of COVID-19,406.0
2020-06-07,Medical acts (SOS Médecin) for suspicion of COVID-19,370.0
2020-06-08,Medical acts (SOS Médecin) for suspicion of COVID-19,318.0
2020-06-09,Medical acts (SOS Médecin) for suspicion of COVID-19,266.0
2020-06-10,Medical acts (SOS Médecin) for suspicion of COVID-19,296.0
2020-06-11,Medical acts (SOS Médecin) for suspicion of COVID-19,248.0
2020-06-12,Medical acts (SOS Médecin) for suspicion of COVID-19,283.0
2020-06-13,Medical acts (SOS Médecin) for suspicion of COVID-19,354.0
2020-06-14,Medical acts (SOS Médecin) for suspicion of COVID-19,266.0
2020-06-15,Medical acts (SOS Médecin) for suspicion of COVID-19,261.0
2020-06-16,Medical acts (SOS Médecin) for suspicion of COVID-19,239.0
2020-06-17,Medical acts (SOS Médecin) for suspicion of COVID-19,242.0
2020-06-18,Medical acts (SOS Médecin) for suspicion of COVID-19,204.0
2020-06-19,Medical acts (SOS Médecin) for suspicion of COVID-19,246.0
2020-06-20,Medical acts (SOS Médecin) for suspicion of COVID-19,278.0
2020-06-21,Medical acts (SOS Médecin) for suspicion of COVID-19,302.0
2020-06-22,Medical acts (SOS Médecin) for suspicion of COVID-19,292.0
2020-06-23,Medical acts (SOS Médecin) for suspicion of COVID-19,288.0
2020-06-24,Medical acts (SOS Médecin) for suspicion of COVID-19,302.0
2020-06-25,Medical acts (SOS Médecin) for suspicion of COVID-19,315.0
2020-06-26,Medical acts (SOS Médecin) for suspicion of COVID-19,272.0
2020-06-27,Medical acts (SOS Médecin) for suspicion of COVID-19,366.0
2020-06-28,Medical acts (SOS Médecin) for suspicion of COVID-19,327.0
2020-06-29,Medical acts (SOS Médecin) for suspicion of COVID-19,338.0
2020-06-30,Medical acts (SOS Médecin) for suspicion of COVID-19,383.0
2020-07-01,Medical acts (SOS Médecin) for suspicion of COVID-19,418.0
2020-07-02,Medical acts (SOS Médecin) for suspicion of COVID-19,426.0
2020-07-03,Medical acts (SOS Médecin) for suspicion of COVID-19,373.0
2020-07-04,Medical acts (SOS Médecin) for suspicion of COVID-19,527.0
2020-07-05,Medical acts (SOS Médecin) for suspicion of COVID-19,581.0
2020-07-06,Medical acts (SOS Médecin) for suspicion of COVID-19,489.0
2020-07-07,Medical acts (SOS Médecin) for suspicion of COVID-19,481.0
2020-07-08,Medical acts (SOS Médecin) for suspicion of COVID-19,649.0
2020-07-09,Medical acts (SOS Médecin) for suspicion of COVID-19,718.0
2020-07-10,Medical acts (SOS Médecin) for suspicion of COVID-19,667.0
2020-07-11,Medical acts (SOS Médecin) for suspicion of COVID-19,748.0
2020-07-12,Medical acts (SOS Médecin) for suspicion of COVID-19,911.0
2020-07-13,Medical acts (SOS Médecin) for suspicion of COVID-19,949.0
2020-07-14,Medical acts (SOS Médecin) for suspicion of COVID-19,1144.0
2020-07-15,Medical acts (SOS Médecin) for suspicion of COVID-19,1018.0
2020-07-16,Medical acts (SOS Médecin) for suspicion of COVID-19,770.0
2020-07-17,Medical acts (SOS Médecin) for suspicion of COVID-19,750.0
2020-07-18,Medical acts (SOS Médecin) for suspicion of COVID-19,817.0
2020-07-19,Medical acts (SOS Médecin) for suspicion of COVID-19,862.0
2020-07-20,Medical acts (SOS Médecin) for suspicion of COVID-19,832.0
2020-07-21,Medical acts (SOS Médecin) for suspicion of COVID-19,570.0
2020-07-22,Medical acts (SOS Médecin) for suspicion of COVID-19,671.0
2020-07-23,Medical acts (SOS Médecin) for suspicion of COVID-19,548.0
2020-07-24,Medical acts (SOS Médecin) for suspicion of COVID-19,571.0
2020-07-25,Medical acts (SOS Médecin) for suspicion of COVID-19,772.0
2020-07-26,Medical acts (SOS Médecin) for suspicion of COVID-19,802.0
2020-07-27,Medical acts (SOS Médecin) for suspicion of COVID-19,720.0
2020-07-28,Medical acts (SOS Médecin) for suspicion of COVID-19,704.0
2020-07-29,Medical acts (SOS Médecin) for suspicion of COVID-19,557.0
2020-07-30,Medical acts (SOS Médecin) for suspicion of COVID-19,524.0
2020-07-31,Medical acts (SOS Médecin) for suspicion of COVID-19,422.0
2020-08-01,Medical acts (SOS Médecin) for suspicion of COVID-19,568.0
2020-08-02,Medical acts (SOS Médecin) for suspicion of COVID-19,521.0
2020-08-03,Medical acts (SOS Médecin) for suspicion of COVID-19,564.0
2020-08-04,Medical acts (SOS Médecin) for suspicion of COVID-19,541.0
2020-08-05,Medical acts (SOS Médecin) for suspicion of COVID-19,491.0
2020-08-06,Medical acts (SOS Médecin) for suspicion of COVID-19,458.0
2020-08-07,Medical acts (SOS Médecin) for suspicion of COVID-19,468.0
2020-08-08,Medical acts (SOS Médecin) for suspicion of COVID-19,604.0
2020-08-09,Medical acts (SOS Médecin) for suspicion of COVID-19,581.0
2020-08-10,Medical acts (SOS Médecin) for suspicion of COVID-19,542.0
2020-08-11,Medical acts (SOS Médecin) for suspicion of COVID-19,544.0
2020-08-12,Medical acts (SOS Médecin) for suspicion of COVID-19,538.0
2020-08-13,Medical acts (SOS Médecin) for suspicion of COVID-19,500.0
2020-08-14,Medical acts (SOS Médecin) for suspicion of COVID-19,541.0
2020-08-15,Medical acts (SOS Médecin) for suspicion of COVID-19,749.0
2020-08-16,Medical acts (SOS Médecin) for suspicion of COVID-19,696.0
2020-08-17,Medical acts (SOS Médecin) for suspicion of COVID-19,769.0
2020-08-18,Medical acts (SOS Médecin) for suspicion of COVID-19,629.0
2020-08-19,Medical acts (SOS Médecin) for suspicion of COVID-19,688.0
2020-08-20,Medical acts (SOS Médecin) for suspicion of COVID-19,666.0
2020-08-21,Medical acts (SOS Médecin) for suspicion of COVID-19,622.0
2020-08-22,Medical acts (SOS Médecin) for suspicion of COVID-19,814.0
2020-08-23,Medical acts (SOS Médecin) for suspicion of COVID-19,770.0
2020-08-24,Medical acts (SOS Médecin) for suspicion of COVID-19,932.0
2020-08-25,Medical acts (SOS Médecin) for suspicion of COVID-19,817.0
2020-08-26,Medical acts (SOS Médecin) for suspicion of COVID-19,938.0
2020-08-27,Medical acts (SOS Médecin) for suspicion of COVID-19,783.0
2020-08-28,Medical acts (SOS Médecin) for suspicion of COVID-19,705.0
2020-08-29,Medical acts (SOS Médecin) for suspicion of COVID-19,964.0
2020-08-30,Medical acts (SOS Médecin) for suspicion of COVID-19,944.0
2020-08-31,Medical acts (SOS Médecin) for suspicion of COVID-19,1113.0
2020-09-01,Medical acts (SOS Médecin) for suspicion of COVID-19,925.0
2020-09-02,Medical acts (SOS Médecin) for suspicion of COVID-19,1085.0
2020-09-03,Medical acts (SOS Médecin) for suspicion of COVID-19,1060.0
2020-09-04,Medical acts (SOS Médecin) for suspicion of COVID-19,1149.0
2020-02-24,Medical acts total (SOS Médecin),24085.0
2020-02-25,Medical acts total (SOS Médecin),21793.0
2020-02-26,Medical acts total (SOS Médecin),21595.0
2020-02-27,Medical acts total (SOS Médecin),21496.0
2020-02-28,Medical acts total (SOS Médecin),20764.0
2020-02-29,Medical acts total (SOS Médecin),26598.0
2020-03-01,Medical acts total (SOS Médecin),25963.0
2020-03-02,Medical acts total (SOS Médecin),24543.0
2020-03-03,Medical acts total (SOS Médecin),21927.0
2020-03-04,Medical acts total (SOS Médecin),21508.0
2020-03-05,Medical acts total (SOS Médecin),21586.0
2020-03-06,Medical acts total (SOS Médecin),20246.0
2020-03-07,Medical acts total (SOS Médecin),25878.0
2020-03-08,Medical acts total (SOS Médecin),25770.0
2020-03-09,Medical acts total (SOS Médecin),24501.0
2020-03-10,Medical acts total (SOS Médecin),22053.0
2020-03-11,Medical acts total (SOS Médecin),22013.0
2020-03-12,Medical acts total (SOS Médecin),21333.0
2020-03-13,Medical acts total (SOS Médecin),20483.0
2020-03-14,Medical acts total (SOS Médecin),27132.0
2020-03-15,Medical acts total (SOS Médecin),25846.0
2020-03-16,Medical acts total (SOS Médecin),20895.0
2020-03-17,Medical acts total (SOS Médecin),17513.0
2020-03-18,Medical acts total (SOS Médecin),16765.0
2020-03-19,Medical acts total (SOS Médecin),15805.0
2020-03-20,Medical acts total (SOS Médecin),15189.0
2020-03-21,Medical acts total (SOS Médecin),20398.0
2020-03-22,Medical acts total (SOS Médecin),19249.0
2020-03-23,Medical acts total (SOS Médecin),15081.0
2020-03-24,Medical acts total (SOS Médecin),13744.0
2020-03-25,Medical acts total (SOS Médecin),13202.0
2020-03-26,Medical acts total (SOS Médecin),12243.0
2020-03-27,Medical acts total (SOS Médecin),13909.0
2020-03-28,Medical acts total (SOS Médecin),19892.0
2020-03-29,Medical acts total (SOS Médecin),16932.0
2020-03-30,Medical acts total (SOS Médecin),13747.0
2020-03-31,Medical acts total (SOS Médecin),12113.0
2020-04-01,Medical acts total (SOS Médecin),12146.0
2020-04-02,Medical acts total (SOS Médecin),11558.0
2020-04-03,Medical acts total (SOS Médecin),11576.0
2020-04-04,Medical acts total (SOS Médecin),15958.0
2020-04-05,Medical acts total (SOS Médecin),13992.0
2020-04-06,Medical acts total (SOS Médecin),11618.0
2020-04-07,Medical acts total (SOS Médecin),10561.0
2020-04-08,Medical acts total (SOS Médecin),10845.0
2020-04-09,Medical acts total (SOS Médecin),10161.0
2020-04-10,Medical acts total (SOS Médecin),10717.0
2020-04-11,Medical acts total (SOS Médecin),15404.0
2020-04-12,Medical acts total (SOS Médecin),14864.0
2020-04-13,Medical acts total (SOS Médecin),15330.0
2020-04-14,Medical acts total (SOS Médecin),11504.0
2020-04-15,Medical acts total (SOS Médecin),10516.0
2020-04-16,Medical acts total (SOS Médecin),10274.0
2020-04-17,Medical acts total (SOS Médecin),10516.0
2020-04-18,Medical acts total (SOS Médecin),14914.0
2020-04-19,Medical acts total (SOS Médecin),13032.0
2020-04-20,Medical acts total (SOS Médecin),10784.0
2020-04-21,Medical acts total (SOS Médecin),10187.0
2020-04-22,Medical acts total (SOS Médecin),10189.0
2020-04-23,Medical acts total (SOS Médecin),9612.0
2020-04-24,Medical acts total (SOS Médecin),9957.0
2020-04-25,Medical acts total (SOS Médecin),14385.0
2020-04-26,Medical acts total (SOS Médecin),12862.0
2020-04-27,Medical acts total (SOS Médecin),10549.0
2020-04-28,Medical acts total (SOS Médecin),9473.0
2020-04-29,Medical acts total (SOS Médecin),10249.0
2020-04-30,Medical acts total (SOS Médecin),10672.0
2020-05-01,Medical acts total (SOS Médecin),14154.0
2020-05-02,Medical acts total (SOS Médecin),17302.0
2020-05-03,Medical acts total (SOS Médecin),13877.0
2020-05-04,Medical acts total (SOS Médecin),11066.0
2020-05-05,Medical acts total (SOS Médecin),9944.0
2020-05-06,Medical acts total (SOS Médecin),10234.0
2020-05-07,Medical acts total (SOS Médecin),10913.0
2020-05-08,Medical acts total (SOS Médecin),15154.0
2020-05-09,Medical acts total (SOS Médecin),17403.0
2020-05-10,Medical acts total (SOS Médecin),14156.0
2020-05-11,Medical acts total (SOS Médecin),10810.0
2020-05-12,Medical acts total (SOS Médecin),10361.0
2020-05-13,Medical acts total (SOS Médecin),11056.0
2020-05-14,Medical acts total (SOS Médecin),10552.0
2020-05-15,Medical acts total (SOS Médecin),10573.0
2020-05-16,Medical acts total (SOS Médecin),15436.0
2020-05-17,Medical acts total (SOS Médecin),13763.0
2020-05-18,Medical acts total (SOS Médecin),12013.0
2020-05-19,Medical acts total (SOS Médecin),11095.0
2020-05-20,Medical acts total (SOS Médecin),11939.0
2020-05-21,Medical acts total (SOS Médecin),14935.0
2020-05-22,Medical acts total (SOS Médecin),14668.0
2020-05-23,Medical acts total (SOS Médecin),16645.0
2020-05-24,Medical acts total (SOS Médecin),14651.0
2020-05-25,Medical acts total (SOS Médecin),13152.0
2020-05-26,Medical acts total (SOS Médecin),11764.0
2020-05-27,Medical acts total (SOS Médecin),11990.0
2020-05-28,Medical acts total (SOS Médecin),12445.0
2020-05-29,Medical acts total (SOS Médecin),13238.0
2020-05-30,Medical acts total (SOS Médecin),17892.0
2020-05-31,Medical acts total (SOS Médecin),18053.0
2020-06-01,Medical acts total (SOS Médecin),19049.0
2020-06-02,Medical acts total (SOS Médecin),14357.0
2020-06-03,Medical acts total (SOS Médecin),13799.0
2020-06-04,Medical acts total (SOS Médecin),13642.0
2020-06-05,Medical acts total (SOS Médecin),12759.0
2020-06-06,Medical acts total (SOS Médecin),17053.0
2020-06-07,Medical acts total (SOS Médecin),14880.0
2020-06-08,Medical acts total (SOS Médecin),13579.0
2020-06-09,Medical acts total (SOS Médecin),12003.0
2020-06-10,Medical acts total (SOS Médecin),12126.0
2020-06-11,Medical acts total (SOS Médecin),11968.0
2020-06-12,Medical acts total (SOS Médecin),12004.0
2020-06-13,Medical acts total (SOS Médecin),16230.0
2020-06-14,Medical acts total (SOS Médecin),14579.0
2020-06-15,Medical acts total (SOS Médecin),13740.0
2020-06-16,Medical acts total (SOS Médecin),12193.0
2020-06-17,Medical acts total (SOS Médecin),12353.0
2020-06-18,Medical acts total (SOS Médecin),12173.0
2020-06-19,Medical acts total (SOS Médecin),12099.0
2020-06-20,Medical acts total (SOS Médecin),16357.0
2020-06-21,Medical acts total (SOS Médecin),14827.0
2020-06-22,Medical acts total (SOS Médecin),14041.0
2020-06-23,Medical acts total (SOS Médecin),12423.0
2020-06-24,Medical acts total (SOS Médecin),13101.0
2020-06-25,Medical acts total (SOS Médecin),13159.0
2020-06-26,Medical acts total (SOS Médecin),13333.0
2020-06-27,Medical acts total (SOS Médecin),17772.0
2020-06-28,Medical acts total (SOS Médecin),16784.0
2020-06-29,Medical acts total (SOS Médecin),15895.0
2020-06-30,Medical acts total (SOS Médecin),14297.0
2020-07-01,Medical acts total (SOS Médecin),14834.0
2020-07-02,Medical acts total (SOS Médecin),14815.0
2020-07-03,Medical acts total (SOS Médecin),14567.0
2020-07-04,Medical acts total (SOS Médecin),19230.0
2020-07-05,Medical acts total (SOS Médecin),18306.0
2020-07-06,Medical acts total (SOS Médecin),16422.0
2020-07-07,Medical acts total (SOS Médecin),14887.0
2020-07-08,Medical acts total (SOS Médecin),15521.0
2020-07-09,Medical acts total (SOS Médecin),15552.0
2020-07-10,Medical acts total (SOS Médecin),15499.0
2020-07-11,Medical acts total (SOS Médecin),19642.0
2020-07-12,Medical acts total (SOS Médecin),18508.0
2020-07-13,Medical acts total (SOS Médecin),20698.0
2020-07-14,Medical acts total (SOS Médecin),20057.0
2020-07-15,Medical acts total (SOS Médecin),17688.0
2020-07-16,Medical acts total (SOS Médecin),16341.0
2020-07-17,Medical acts total (SOS Médecin),15821.0
2020-07-18,Medical acts total (SOS Médecin),19678.0
2020-07-19,Medical acts total (SOS Médecin),18136.0
2020-07-20,Medical acts total (SOS Médecin),17490.0
2020-07-21,Medical acts total (SOS Médecin),15953.0
2020-07-22,Medical acts total (SOS Médecin),15990.0
2020-07-23,Medical acts total (SOS Médecin),15859.0
2020-07-24,Medical acts total (SOS Médecin),15675.0
2020-07-25,Medical acts total (SOS Médecin),20064.0
2020-07-26,Medical acts total (SOS Médecin),18555.0
2020-07-27,Medical acts total (SOS Médecin),17134.0
2020-07-28,Medical acts total (SOS Médecin),16093.0
2020-07-29,Medical acts total (SOS Médecin),16174.0
2020-07-30,Medical acts total (SOS Médecin),15289.0
2020-07-31,Medical acts total (SOS Médecin),15343.0
2020-08-01,Medical acts total (SOS Médecin),20426.0
2020-08-02,Medical acts total (SOS Médecin),18092.0
2020-08-03,Medical acts total (SOS Médecin),17531.0
2020-08-04,Medical acts total (SOS Médecin),16016.0
2020-08-05,Medical acts total (SOS Médecin),16068.0
2020-08-06,Medical acts total (SOS Médecin),15599.0
2020-08-07,Medical acts total (SOS Médecin),15539.0
2020-08-08,Medical acts total (SOS Médecin),19190.0
2020-08-09,Medical acts total (SOS Médecin),17262.0
2020-08-10,Medical acts total (SOS Médecin),17689.0
2020-08-11,Medical acts total (SOS Médecin),15903.0
2020-08-12,Medical acts total (SOS Médecin),16237.0
2020-08-13,Medical acts total (SOS Médecin),16441.0
2020-08-14,Medical acts total (SOS Médecin),16983.0
2020-08-15,Medical acts total (SOS Médecin),20848.0
2020-08-16,Medical acts total (SOS Médecin),18549.0
2020-08-17,Medical acts total (SOS Médecin),17747.0
2020-08-18,Medical acts total (SOS Médecin),16125.0
2020-08-19,Medical acts total (SOS Médecin),15980.0
2020-08-20,Medical acts total (SOS Médecin),16047.0
2020-08-21,Medical acts total (SOS Médecin),15543.0
2020-08-22,Medical acts total (SOS Médecin),19783.0
2020-08-23,Medical acts total (SOS Médecin),17626.0
2020-08-24,Medical acts total (SOS Médecin),16949.0
2020-08-25,Medical acts total (SOS Médecin),15837.0
2020-08-26,Medical acts total (SOS Médecin),15599.0
2020-08-27,Medical acts total (SOS Médecin),15585.0
2020-08-28,Medical acts total (SOS Médecin),15181.0
2020-08-29,Medical acts total (SOS Médecin),19687.0
2020-08-30,Medical acts total (SOS Médecin),17969.0
2020-08-31,Medical acts total (SOS Médecin),17235.0
2020-09-01,Medical acts total (SOS Médecin),15160.0
2020-09-02,Medical acts total (SOS Médecin),16523.0
2020-09-03,Medical acts total (SOS Médecin),17287.0
2020-09-04,Medical acts total (SOS Médecin),16690.0
